Rank,Model_1,Model_2,DM_statistic,p_value,Better_Model
1,MLR,Naive,54.64026128267044,9.512557402002043e-15,Naive
2,ARDL,Naive,7.053746376388797,2.11625223340246e-05,Naive
3,GRU1990,Naive,6.040210750633574,8.426206919102959e-05,Naive
4,MARS,Naive,5.66349108754766,0.00014586554941695324,Naive
5,LSTM,Naive,4.366943379278264,0.0011232385282601632,Naive
