Rank,Model_1,Model_2,DM_statistic,p_value,Better_Model
1,MLR,Naive,86.62677701629822,6.048437919087376e-17,Naive
2,GRU1990,Naive,39.85671512820425,3.008253558633937e-13,Naive
3,ARDL,Naive,18.687200118487176,1.1057776872157544e-09,Naive
4,MARS,Naive,9.11454155737056,1.8518742194794884e-06,Naive
5,LSTM,Naive,3.277307818402996,0.007368918146071228,Naive
6,ARIMAX1990,Naive,-1.2423854887836068,0.23992824175216892,No significant difference
7,ARIMA1990,Naive,-0.7389001397470114,0.475439126456757,No significant difference
