Rank,Model_1,Model_2,DM_statistic,p_value,Better_Model
1,MLR,Naive,55.99580715734752,7.271337571562635e-15,Naive
2,GRU1990,Naive,30.87534440326803,4.875495097785944e-12,Naive
3,MARS,Naive,11.57025046695228,1.69079795163176e-07,Naive
4,LSTM,Naive,5.428753988441265,0.00020740543678507946,Naive
5,ARDL,Naive,0.3238894410020845,0.7520965835566682,No significant difference
