Rank,Model_1,Model_2,DM_statistic,p_value,Better_Model
1,MLR,Naive,67.6930876853659,9.073450897621751e-16,Naive
2,GRU1990,Naive,39.057526761092284,3.7536348199705185e-13,Naive
3,ARDL,Naive,11.156879594025263,2.450651561519418e-07,Naive
4,MARS,Naive,7.611759457888322,1.0449190496675616e-05,Naive
5,LSTM,Naive,1.0133751008511251,0.3326526512760529,No significant difference
