,Model,Training RMSE,Validation RMSE,Training R2,Validation R2
0,MARS,0.3835201748854145,9.041719151869424,0.9984062484467205,-5.833127325575047
