,Model,Training RMSE,Validation RMSE,Training R2,Validation R2
0,Linear,0.9999865153229661,1.267915185768084,0.9919909536695164,0.7876331231131417
